Category,OEM / Brand
Displays & Projectors,Samsung
Displays & Projectors,LG
Displays & Projectors,Sony
Displays & Projectors,Panasonic
Displays & Projectors,Sharp/NEC (Sharp NEC Display)
Displays & Projectors,Barco
Displays & Projectors,Christie
Displays & Projectors,Epson
Displays & Projectors,BenQ
Displays & Projectors,ViewSonic
Displays & Projectors,Optoma
Displays & Projectors,Vivitek
Displays & Projectors,Hisense
Displays & Projectors,Maxhub
UC & Collaboration Devices,Logitech (Rally/MeetUp/Tap)
UC & Collaboration Devices,Poly (HP)
UC & Collaboration Devices,Cisco (Room/Desk/Board)
UC & Collaboration Devices,Jabra (PanaCast)
UC & Collaboration Devices,Yealink (A-series/MTR)
UC & Collaboration Devices,Neat
UC & Collaboration Devices,DTEN
UC & Collaboration Devices,Aver (VC Bars)
UC & Collaboration Devices,EPOS
UC & Collaboration Devices,Lenovo (ThinkSmart)
PTZ & Pro Video Cameras,Sony (PTZ)
PTZ & Pro Video Cameras,Panasonic (PTZ)
PTZ & Pro Video Cameras,Canon (PTZ)
PTZ & Pro Video Cameras,BirdDog (NDI)
PTZ & Pro Video Cameras,Lumens
PTZ & Pro Video Cameras,AVer (PTZ)
PTZ & Pro Video Cameras,Marshall Electronics
PTZ & Pro Video Cameras,PTZOptics
PTZ & Pro Video Cameras,Huddly
PTZ & Pro Video Cameras,Vaddio (Legrand AV)
Audio: Microphones & Conferencing,Shure (MXA/Stem)
Audio: Microphones & Conferencing,Sennheiser (TeamConnect)
Audio: Microphones & Conferencing,Audio-Technica
Audio: Microphones & Conferencing,Biamp (Parl√©)
Audio: Microphones & Conferencing,Yamaha UC
Audio: Microphones & Conferencing,Beyerdynamic
Audio: Microphones & Conferencing,Audix
Audio: Microphones & Conferencing,Nureva
Audio: Microphones & Conferencing,ClearOne
Audio: Microphones & Conferencing,AKG (Harman)
Audio: DSP & Processing,QSC (Q-SYS)
Audio: DSP & Processing,Biamp (Tesira)
Audio: DSP & Processing,BSS (Harman)
Audio: DSP & Processing,Shure (IntelliMix)
Audio: DSP & Processing,Yamaha (MTX/QN)
Audio: DSP & Processing,ClearOne (Converge)
Audio: DSP & Processing,Symetrix
Audio: Loudspeakers & Amplifiers,JBL Professional (Harman)
Audio: Loudspeakers & Amplifiers,Bose Professional
Audio: Loudspeakers & Amplifiers,QSC (SPA/CX/Q)
Audio: Loudspeakers & Amplifiers,RCF
Audio: Loudspeakers & Amplifiers,Electro-Voice (EV)
Audio: Loudspeakers & Amplifiers,Dynacord
Audio: Loudspeakers & Amplifiers,d&b audiotechnik
Audio: Loudspeakers & Amplifiers,L-Acoustics
Audio: Loudspeakers & Amplifiers,Meyer Sound
Audio: Loudspeakers & Amplifiers,Tannoy
Audio: Loudspeakers & Amplifiers,Community (Biamp)
Audio: Loudspeakers & Amplifiers,Genelec
Audio: Loudspeakers & Amplifiers,Martin Audio
Audio: Loudspeakers & Amplifiers,EAW
"Control, Matrix & Extenders",Crestron (DM/Control)
"Control, Matrix & Extenders",Extron
"Control, Matrix & Extenders",AMX (Harman)
"Control, Matrix & Extenders",Kramer
"Control, Matrix & Extenders",Atlona
"Control, Matrix & Extenders",Lightware
"Control, Matrix & Extenders",WyreStorm
"Control, Matrix & Extenders",Black Box
"Control, Matrix & Extenders",tvONE/OneDigitalSignage
"Control, Matrix & Extenders",Datapath
"Control, Matrix & Extenders",Analog Way
"Control, Matrix & Extenders",Gefen
AV over IP & Streaming,Crestron (NVX)
AV over IP & Streaming,Q-SYS NV Series
AV over IP & Streaming,Matrox (Maevex/Convert)
AV over IP & Streaming,ZeeVee (SDVoE/AVoIP)
AV over IP & Streaming,Just Add Power
AV over IP & Streaming,Aurora Multimedia
AV over IP & Streaming,IDK
AV over IP & Streaming,Haivision
AV over IP & Streaming,AJA Video Systems
AV over IP & Streaming,Magewell
AV over IP & Streaming,Epiphan Video
AV over IP & Streaming,NewTek/Vizrt (NDI)
Digital Signage Players & CMS,BrightSign
Digital Signage Players & CMS,Scala
Digital Signage Players & CMS,Navori
Digital Signage Players & CMS,NoviSign
Digital Signage Players & CMS,SpinetiX
Digital Signage Players & CMS,Samsung MagicINFO
Digital Signage Players & CMS,LG SuperSign
Digital Signage Players & CMS,NowSignage
Digital Signage Players & CMS,Yodeck
Digital Signage Players & CMS,IAdea
Wireless Presentation,Barco ClickShare
Wireless Presentation,Mersive Solstice
Wireless Presentation,Kramer VIA
Wireless Presentation,BenQ InstaShow
Wireless Presentation,ScreenBeam
Wireless Presentation,Airtame
Wireless Presentation,Crestron AirMedia
Wireless Presentation,Vivitek NovoConnect
"Mounts, Racks & Enclosures",Chief (Legrand AV)
"Mounts, Racks & Enclosures",Middle Atlantic (Legrand AV)
"Mounts, Racks & Enclosures",Peerless-AV
"Mounts, Racks & Enclosures",Sanus (Legrand AV)
"Mounts, Racks & Enclosures",Vogel's
"Mounts, Racks & Enclosures",B-Tech
"Mounts, Racks & Enclosures",SmartMetals
"Mounts, Racks & Enclosures",Audipack
"Mounts, Racks & Enclosures",Omnimount
"Cables, Connectors & Infrastructure",Belden
"Cables, Connectors & Infrastructure",Extron
"Cables, Connectors & Infrastructure",Kramer
"Cables, Connectors & Infrastructure",C2G (Legrand)
"Cables, Connectors & Infrastructure",Lindy
"Cables, Connectors & Infrastructure",Liberty AV Solutions
"Cables, Connectors & Infrastructure",Neutrik
"Cables, Connectors & Infrastructure",Panduit
"Cables, Connectors & Infrastructure",Leviton
"Cables, Connectors & Infrastructure",CommScope
"Cables, Connectors & Infrastructure",Fiberguide/Optical Cable Corp
Network Switches (AV-friendly),NETGEAR (M4250/M4350 AV Line)
Network Switches (AV-friendly),Cisco (Catalyst)
Network Switches (AV-friendly),Aruba (HPE)
Network Switches (AV-friendly),Niveo Professional
Network Switches (AV-friendly),Extreme Networks
Network Switches (AV-friendly),Ubiquiti
Network Switches (AV-friendly),Araknis
Network Switches (AV-friendly),MikroTik
Room Scheduling & Touch Panels,Crestron
Room Scheduling & Touch Panels,Extron
Room Scheduling & Touch Panels,Q-SYS
Room Scheduling & Touch Panels,IAdea
Room Scheduling & Touch Panels,Humly
Room Scheduling & Touch Panels,Yealink
Room Scheduling & Touch Panels,Logitech Tap Scheduler
Assistive Listening & Hearing Loop,Listen Technologies
Assistive Listening & Hearing Loop,Williams AV
Assistive Listening & Hearing Loop,Sennheiser MobileConnect
Assistive Listening & Hearing Loop,Ampetronic
"Power, UPS & PDU",SurgeX
"Power, UPS & PDU",Middle Atlantic (Power)
"Power, UPS & PDU",Furman
"Power, UPS & PDU",Tripp Lite (Eaton)
"Power, UPS & PDU",APC (Schneider Electric)
"Power, UPS & PDU",Eaton
"Power, UPS & PDU",CyberPower
"Power, UPS & PDU",GUDE Systems
Lecture Capture & Recording,Panopto (software)
Lecture Capture & Recording,Extron (SMP)
Lecture Capture & Recording,Epiphan (Pearl)
Lecture Capture & Recording,Matrox (Monarch)
Lecture Capture & Recording,Telestream (Wirecast Gear)
Lecture Capture & Recording,NewTek (TriCaster)
Interactive Displays & Classroom Tech,SMART Technologies
Interactive Displays & Classroom Tech,Promethean
Interactive Displays & Classroom Tech,ViewSonic ViewBoard
Interactive Displays & Classroom Tech,BenQ RP Series
Interactive Displays & Classroom Tech,Samsung Flip
Interactive Displays & Classroom Tech,LG CreateBoard
Interactive Displays & Classroom Tech,Newline
Interactive Displays & Classroom Tech,Vibe Board
Acoustics & Sound Masking,Biamp (Cambridge/Qt X)
Acoustics & Sound Masking,Soft dB
Acoustics & Sound Masking,AtlasIED (Sound Masking)
Acoustics & Sound Masking,Krisp/Software DSP (adjacent)
AV Bridges & Specialty I/O,Vaddio (AV Bridge)
AV Bridges & Specialty I/O,Magewell (USB capture)
AV Bridges & Specialty I/O,Blackmagic Design
AV Bridges & Specialty I/O,Roland ProAV
AV Bridges & Specialty I/O,AverMedia (Pro Capture)
